"Identifier","Grade"
1,78.1932780519128
2,90.3791441814974
3,63.5026599047706
4,57.2400563163683
5,66.2223730818368
